Total_sqft,bhk,bath,location,Price
1470.0,3,2.0,"Aashirwaad Chowk, Dwarka",145.0
1500.0,3,2.0,"Aashirwaad Chowk, Dwarka",149.0
1700.0,3,3.0,"Aashirwaad Chowk, Dwarka",172.0
1350.0,4,4.0,"Abhimanyu Apartments, Vasundhara Enclave",105.0
1450.0,3,3.0,"Abhimanyu Apartments, Vasundhara Enclave",116.0
540.0,2,1.0,"Abul Fazal Enclave Part 1, Okhla",36.0
1260.0,3,2.0,"Abul Fazal Enclave Part 1, Okhla",70.0
750.0,2,2.0,"Abul Fazal Enclave Part-II, Okhla",38.0
1500.0,3,3.0,Alaknanda,265.0
1400.0,3,2.0,Alaknanda,190.0
1100.0,2,2.0,Alaknanda,150.0
1200.0,2,2.0,Alaknanda,175.0
1400.0,2,2.0,Alaknanda,140.0
1440.0,3,3.0,Alaknanda,190.0
1400.0,3,3.0,Alaknanda,190.0
1500.0,3,3.0,Alaknanda,265.0
1400.0,3,2.0,Alaknanda,190.0
1100.0,2,2.0,Alaknanda,150.0
1200.0,2,2.0,Alaknanda,175.0
1400.0,2,2.0,Alaknanda,140.0
1440.0,3,3.0,Alaknanda,190.0
1400.0,3,3.0,Alaknanda,190.0
600.0,2,2.0,"Amar Colony, Lajpat Nagar",115.0
1170.0,3,3.0,"Andheria Mor, Mehrauli",72.0
1500.0,3,3.0,"Andheria Mor, Mehrauli",84.0
150.0,2,1.0,"Arjun Nagar, Safdarjung Enclave",20.0
600.0,2,2.0,"Arjun Nagar, Safdarjung Enclave",47.0
880.0,3,2.0,"Arjun Nagar, Safdarjung Enclave",110.0
66.0,3,1.0,"Baljit Nagar, Patel Nagar",16.0
1600.0,3,2.0,"Bank Apartments, Aashirwaad Chowk, Dwarka",158.0
45.0,4,3.0,"Batla House, Okhla",55.0
45.0,4,3.0,"Batla House, Okhla",55.0
450.0,1,1.0,"Batla House, Okhla",17.0
900.0,2,2.0,"Bhagwan Das Nagar, Punjabi Bagh",150.0
900.0,2,1.0,Budh Vihar,110.0
810.0,3,2.0,Budh Vihar,45.0
900.0,3,2.0,Budh Vihar,40.0
450.0,1,1.0,Budh Vihar,20.0
400.0,1,1.0,Budh Vihar,20.0
729.0,3,4.0,Budh Vihar,26.0
450.0,2,2.0,Budh Vihar,40.0
500.0,2,2.0,Budh Vihar Phase 1,16.5
270.0,2,1.0,Budh Vihar Phase 1,14.0
500.0,2,1.0,Budh Vihar Phase 1,20.0
444.0,2,2.0,Budh Vihar Phase 1,20.0
4050.0,6,3.0,Budh Vihar Phase 1,51.0
666.0,1,2.0,Budh Vihar Phase 1,35.0
405.0,2,3.0,Budh Vihar Phase 2,62.0
950.0,3,2.0,Chhattarpur,70.9
950.0,3,2.0,Chhattarpur,69.9
800.0,2,2.0,Chhattarpur,44.0
800.0,2,2.0,Chhattarpur,30.0
675.0,2,2.0,Chhattarpur,28.0
810.0,2,2.0,Chhattarpur,45.0
650.0,2,2.0,Chhattarpur,25.0
725.0,2,2.0,Chhattarpur,30.0
900.0,3,2.0,Chhattarpur,49.0
750.0,2,2.0,Chhattarpur,35.0
950.0,3,2.0,Chhattarpur,70.2
900.0,2,2.0,Chhattarpur,35.0
1500.0,3,3.0,Chhattarpur,70.0
765.0,2,2.0,Chhattarpur,25.0
1800.0,4,4.0,Chhattarpur Enclave Phase2,125.0
630.0,2,2.0,Chhattarpur Enclave Phase2,28.0
1800.0,4,4.0,Chhattarpur Enclave Phase2,85.0
700.0,2,2.0,Chhattarpur Enclave Phase2,30.0
1035.0,3,3.0,Chhattarpur Enclave Phase2,45.0
580.0,1,1.0,Chhattarpur Enclave Phase2,16.0
1750.0,3,3.0,Chhattarpur Enclave Phase2,65.0
2097.0,3,3.0,Chittaranjan Park,290.0
1600.0,3,3.0,Chittaranjan Park,335.0
2600.0,4,5.0,Chittaranjan Park,625.0
1700.0,3,3.0,Chittaranjan Park,475.0
1116.0,3,3.0,Chittaranjan Park,147.0
1070.0,2,3.0,Chittaranjan Park,180.0
1200.0,3,3.0,Chittaranjan Park,225.0
1200.0,3,3.0,Chittaranjan Park,220.0
1450.0,3,3.0,Chittaranjan Park,225.0
1000.0,2,2.0,Chittaranjan Park,75.0
945.0,2,1.0,Chittaranjan Park,65.0
1650.0,3,3.0,Chittaranjan Park,350.0
2625.0,4,5.0,Chittaranjan Park,600.0
1800.0,4,4.0,Chittaranjan Park,400.0
1440.0,3,3.0,Chittaranjan Park,225.0
1900.0,3,4.0,Chittaranjan Park,285.0
1800.0,3,3.0,Chittaranjan Park,290.0
1200.0,3,2.0,Chittaranjan Park,155.0
1200.0,3,3.0,Chittaranjan Park,165.0
1050.0,3,2.0,Chittaranjan Park,125.0
875.0,3,3.0,Chittaranjan Park,175.0
1400.0,3,3.0,"Chopra Apartment, Dwarka Sector 23",135.0
3405.0,5,5.0,"Common Wealth Games Village, Commonwealth Games Village 2010",700.0
2105.0,3,3.0,"Common Wealth Games Village, Commonwealth Games Village 2010",421.0
2090.0,3,4.0,"Common Wealth Games Village, Commonwealth Games Village 2010",440.0
1850.0,3,3.0,"Common Wealth Games Village, Commonwealth Games Village 2010",375.0
2065.0,3,4.0,"Common Wealth Games Village, Commonwealth Games Village 2010",425.0
3405.0,5,4.0,"Common Wealth Games Village, Commonwealth Games Village 2010",715.0
3050.0,5,5.0,"Common Wealth Games Village, Commonwealth Games Village 2010",650.0
3100.0,5,5.0,"Common Wealth Games Village, Commonwealth Games Village 2010",650.0
1400.0,2,3.0,"Common Wealth Games Village, Commonwealth Games Village 2010",286.0
2126.0,3,3.0,"Common Wealth Games Village, Commonwealth Games Village 2010",390.0
3050.0,5,6.0,Commonwealth Games Village 2010,625.0
2650.0,4,5.0,Commonwealth Games Village 2010,525.0
3112.0,5,6.0,Commonwealth Games Village 2010,600.0
1455.0,2,2.0,Commonwealth Games Village 2010,275.0
1700.0,3,2.0,"DDA Flats Block A, Dilshad Garden",170.0
350.0,1,1.0,"DDA Flats Pocket 3, Narela",30.0
452.0838,2,1.0,"DDA Flats Pocket 6 Sector A10, Narela",30.0
1500.0,3,3.0,"DDA Flats Sarita Vihar, Sarita Vihar Pocket K",170.0
1150.0,2,2.0,"DDA Flats Sarita Vihar, Sarita Vihar Pocket K",131.0
1250.0,3,2.0,"DDA Flats Sarita Vihar, Sarita Vihar, Mathura Road",160.0
1200.0,3,3.0,"DDA Flats Sarita Vihar, Sarita Vihar, Mathura Road",135.0
1400.0,4,2.0,"DDA Flats Sarita Vihar, Sarita Vihar, Mathura Road",178.0
1550.0,4,2.0,"DDA Flats Sarita Vihar, Sarita Vihar, Mathura Road",175.0
1300.0,3,2.0,"DDA Flats Sarita Vihar, Sarita Vihar, Mathura Road",170.0
1200.0,3,2.0,"DDA Flats Sarita Vihar, Sarita Vihar, Mathura Road",135.0
1400.0,4,2.0,"DDA Flats Sarita Vihar, Sarita Vihar, Mathura Road",174.0
1500.0,4,2.0,"DDA Flats Sarita Vihar, Sarita Vihar, Mathura Road",178.0
1050.0,2,2.0,"DDA Flats Sarita Vihar, Sarita Vihar, Mathura Road",127.0
950.0,2,2.0,"DDA Flats Sarita Vihar, Sarita Vihar, Mathura Road",111.0
1150.0,2,2.0,"DDA Flats Sarita Vihar, Sarita Vihar, Mathura Road",136.0
1150.0,2,2.0,"DDA Flats Sarita Vihar, Sarita Vihar, Mathura Road",125.0
650.0,1,2.0,"DDA Flats Sector E Pocket 1, Vasant Kunj",74.0
1075.0,2,2.0,"DDA Flats Sector E Pocket 1, Vasant Kunj",120.0
2000.0,3,3.0,"DDA Flats Vasant Kunj, Vasant Kunj",310.0
390.0,1,1.0,"DDA Lig Flats, Narela",20.0
210.0,1,1.0,"DDA Lig Flats, Narela",20.0
350.0,1,1.0,"DDA Lig Flats, Narela",16.0
379.0,1,1.0,"DDA Lig Flats, Narela",16.0
437.0,1,1.0,"DDA Lig Flats, Narela",35.0
350.0,1,1.0,"DDA Lig Flats, Narela",18.0
4900.0,1,1.0,"DDA Lig Flats, Narela",10.0
1143.0,2,2.0,"DDA MIG Flats Prasad Nagar Phase 2, Prasad Nagar, Karol Bagh",160.0
1240.0,3,3.0,"DLF Capital Greens, Moti Nagar, Kirti Nagar ( 1 km from New Moti Nagar, Kirti Nagar)",180.0
2175.0,4,4.0,"DLF Capital Greens, Moti Nagar, Kirti Nagar ( 1 km from New Moti Nagar, Kirti Nagar)",440.0
3002.0,4,5.0,"DLF Capital Greens, New Moti Nagar, Kirti Nagar",500.0
1250.0,2,2.0,"DLF Capital Greens, New Moti Nagar, Kirti Nagar",150.0
2800.0,4,4.0,"DLF Capital Greens, New Moti Nagar, Kirti Nagar",400.0
1646.0,3,3.0,"DLF Capital Greens, New Moti Nagar, Kirti Nagar",200.0
1250.0,3,2.0,"DLF Capital Greens, New Moti Nagar, Kirti Nagar",160.0
1590.0,3,2.0,"DLF Capital Greens, New Moti Nagar, Kirti Nagar",250.0
2282.0,4,5.0,"DLF Capital Greens, New Moti Nagar, Kirti Nagar",375.0
2800.0,4,5.0,"DLF Capital Greens, New Moti Nagar, Kirti Nagar",425.0
2282.0,4,5.0,"DLF Capital Greens, New Moti Nagar, Kirti Nagar",380.0
1150.0,2,3.0,"Deshbandhu Apartments, Kalkaji",161.0
720.0,2,1.0,"Dev Nagar, Karol Bagh",70.0
450.0,1,1.0,"Dilshad Colony, Dilshad Garden",33.0
400.0,1,1.0,"Dilshad Colony, Dilshad Garden",35.0
650.0,2,2.0,"Dilshad Colony, Dilshad Garden",65.0
900.0,2,2.0,"Dilshad Colony, Dilshad Garden",69.0
400.0,1,1.0,"Dilshad Colony, Dilshad Garden",36.0
405.0,1,1.0,"Dilshad Colony, Dilshad Garden",25.0
1076.39,3,2.0,"Dilshad Colony, Dilshad Garden",93.0
460.0,2,1.0,"Dilshad Colony, Dilshad Garden",33.0
370.0,1,1.0,"Dilshad Colony, Dilshad Garden",24.0
1800.0,3,3.0,"Dilshad Colony, Dilshad Garden",150.0
800.0,2,2.0,"Dilshad Colony, Dilshad Garden",75.0
800.0,2,2.0,"Dilshad Colony, Dilshad Garden",60.0
1000.0,2,2.0,"Dilshad Colony, Dilshad Garden",67.0
800.0,3,2.0,Dilshad Garden,90.3
1080.0,3,1.0,Dilshad Garden,70.0
430.556,1,1.0,Dilshad Garden,43.0
500.0,2,2.0,Dwarka Mor,32.0
680.0,3,2.0,Dwarka Mor,34.0
1700.0,3,3.0,"Friends Colony East, New Friends Colony",385.0
2450.0,4,4.0,"Friends Colony West, New Friends Colony",700.0
450.0,2,2.0,"Gandhi Nagar, Shahdara",29.0
1350.0,3,3.0,"Gandhi Nagar, Shahdara",250.0
2250.0,3,2.0,"Gandhi Nagar, Shahdara",100.0
1600.0,3,2.0,"Ganga Apartment Sector D Pocket 6, Vasant Kunj",250.0
810.0,5,6.0,Geeta Colony,289.0
100.0,3,2.0,Geeta Colony,55.0
3000.0,4,4.0,"Geetanjali Enclave Project, Geetanjali Enclave, Malviya Nagar",670.0
2600.0,4,5.0,"Geetanjali Enclave Project, Geetanjali Enclave, Malviya Nagar",525.0
3000.0,4,5.0,"Geetanjali Enclave, Malviya Nagar",745.0
2750.0,4,5.0,"Geetanjali Enclave, Malviya Nagar",750.0
2050.0,4,4.0,"Geetanjali Enclave, Malviya Nagar",625.0
2500.0,4,5.0,"Geetanjali Enclave, Malviya Nagar",625.0
2200.0,4,5.0,"Geetanjali Enclave, Malviya Nagar",650.0
2250.0,4,4.0,"Geetanjali Enclave, Malviya Nagar",575.0
976.0,2,2.0,"Godrej South Estate, Okhla",249.0
976.0,2,2.0,"Godrej South Estate, Okhla",249.0
976.0,2,2.0,"Godrej South Estate, Okhla",249.0
1512.0,2,2.0,"Godrej South Estate, Okhla",300.0
945.0,2,2.0,"Godrej South Estate, Okhla Phase 1",249.0
976.0,2,2.0,"Godrej South Estate, Okhla Phase 1",249.0
500.0,2,2.0,"Govindpuri Extension, Kalkaji",33.0
900.0,3,3.0,"Govindpuri Extension, Kalkaji",70.0
1800.0,3,3.0,"Govindpuri Extension, Kalkaji",140.0
720.0,2,2.0,"Govindpuri Extension, Kalkaji",47.0
900.0,3,3.0,"Govindpuri Extension, Kalkaji",68.0
720.0,2,2.0,"Govindpuri Extension, Kalkaji",55.0
1600.0,3,3.0,Greater Kailash 1,300.0
1600.0,3,3.0,Greater Kailash 1,300.0
1750.0,3,3.0,"Green Heavens Apartment, Aashirwaad Chowk, Dwarka",172.0
1700.0,3,2.0,"Green Heavens Apartment, Aashirwaad Chowk, Dwarka",165.0
550.0,2,2.0,"Guru Angad Nagar West, Laxmi Nagar",36.0
1050.0,3,2.0,"Hans Apartments, Vishwas Nagar, Shahdara",90.0
2520.0,3,3.0,Hauz Khas,475.0
1700.0,3,4.0,Hauz Khas,450.0
1800.0,3,3.0,Hauz Khas,435.0
2066.0,4,4.0,Hauz Khas,600.0
1750.0,3,3.0,Hauz Khas,350.0
1500.0,3,4.0,Hauz Khas,450.0
1800.0,3,4.0,Hauz Khas,470.0
2800.0,4,5.0,Hauz Khas,700.0
2050.0,3,3.0,"Hauz Khas Enclave, Hauz Khas",710.0
1200.0,2,2.0,"Hauz Khas Enclave, Hauz Khas",275.0
2400.0,4,5.0,"Hauz Khas Enclave, Hauz Khas",650.0
2100.0,4,5.0,"Hauz Khas Enclave, Hauz Khas",560.0
2700.0,4,4.0,"Hauz Khas Enclave, Hauz Khas",1000.0
900.0,2,2.0,"Indra Park Palam, Manglapuri",31.0
360.0,1,1.0,"Indra Park Palam, Manglapuri",15.0
750.0,2,2.0,"J R Designers Floors, Rohini Sector 24",50.0
750.0,2,2.0,"J R Designers Floors, Rohini Sector 24",50.0
720.0,2,2.0,"J R Designers Floors, Rohini Sector 24",47.0
800.0,2,2.0,"J R Designers Floors, Rohini Sector 24",55.0
980.0,3,2.0,"J R Designers Floors, Rohini Sector 24",73.0
1600.0,4,3.0,"J R Designers Floors, Rohini Sector 24",130.0
1450.0,3,3.0,"J R Designers Floors, Rohini Sector 24",115.0
445.0,2,2.0,"J R Designers Floors, Rohini Sector 24",28.0
680.0,2,2.0,"J R Designers Floors, Rohini Sector 24",44.0
1600.0,3,3.0,"J R Designers Floors, Rohini Sector 24",135.0
630.0,2,2.0,"J R Designers Floors, Rohini Sector 24",41.0
1500.0,3,2.0,"J R Designers Floors, Rohini Sector 24",120.0
550.0,2,2.0,"J R Designers Floors, Rohini Sector 24",35.0
2800.0,5,4.0,"J R Designers Floors, Rohini Sector 24",175.0
300.0,1,1.0,"J R Designers Floors, Rohini Sector 24",19.0
800.0,3,2.0,"J R Designers Floors, Rohini Sector 24",55.0
1295.0,3,2.0,"J R Designers Floors, Rohini Sector 24",100.0
350.0,1,1.0,"J R Designers Floors, Rohini Sector 24",24.0
450.0,2,2.0,"J R Designers Floors, Rohini Sector 24",38.0
800.0,3,2.0,"J R Designers Floors, Rohini Sector 24",55.0
850.0,3,2.0,"J R Designers Floors, Rohini Sector 24",70.0
750.0,2,2.0,"J R Designers Floors, Rohini Sector 24",50.0
750.0,2,2.0,"J R Designers Floors, Rohini Sector 24",50.0
1175.0,3,3.0,"JVTS Gardens, Chhattarpur",50.0
2799.0,4,4.0,"Kailash Colony, Greater Kailash",650.0
2200.0,4,4.0,"Kailash Colony, Greater Kailash",475.0
3500.0,5,5.0,"Kailash Colony, Greater Kailash",700.0
2200.0,4,4.0,"Kailash Colony, Greater Kailash",475.0
1440.0,3,3.0,"Kailash Colony, Greater Kailash",260.0
900.0,2,2.0,"Kailash Colony, Greater Kailash",200.0
3690.0,4,5.0,"Kailash Colony, Greater Kailash",790.0
1350.0,3,3.0,"Kailash Colony, Greater Kailash",260.0
1200.0,3,3.0,"Kailash Colony, Greater Kailash",250.0
2177.0,4,5.0,"Kailash Colony, Greater Kailash",510.0
2150.0,4,4.0,"Kailash Colony, Greater Kailash",450.0
1150.0,3,3.0,"Kailash Colony, Greater Kailash",255.0
1240.0,3,3.0,"Kailash Colony, Greater Kailash",265.0
1150.0,3,3.0,"Kailash Colony, Greater Kailash",260.0
3000.0,4,5.0,"Kailash Colony, Greater Kailash",650.0
1260.0,3,3.0,Kalkaji,165.0
1300.0,3,3.0,Kalkaji,210.0
1600.0,3,3.0,Kalkaji,260.0
900.0,2,2.0,Kalkaji,150.0
1050.0,2,2.0,Kalkaji Extention,90.0
1280.0,3,3.0,Karol Bagh,150.0
675.0,2,2.0,Karol Bagh,100.0
345.0,1,1.0,Karol Bagh,55.0
1200.0,3,2.0,Karol Bagh,145.0
900.0,3,2.0,"Khirki extension, Malviya Nagar",62.0
900.0,3,3.0,Krishna Nagar-Safdarjung Enclave,125.0
900.0,2,2.0,Lajpat Nagar,105.0
900.0,2,2.0,Lajpat Nagar,135.0
1350.0,3,4.0,Lajpat Nagar,250.0
1650.0,3,3.0,Lajpat Nagar,300.0
850.0,2,2.0,Lajpat Nagar 1,115.0
900.0,2,2.0,Lajpat Nagar 1,100.0
1500.0,3,3.0,Lajpat Nagar 2,260.0
900.0,2,2.0,Lajpat Nagar 2,158.0
850.0,2,2.0,Lajpat Nagar 2,146.0
800.0,2,2.0,Lajpat Nagar 2,140.0
1500.0,3,3.0,Lajpat Nagar 2,260.0
850.0,2,2.0,Lajpat Nagar 2,146.0
1675.0,3,3.0,Lajpat Nagar 2,310.0
900.0,2,2.0,Lajpat Nagar 2,134.0
900.0,2,2.0,Lajpat Nagar 2,125.0
800.0,2,2.0,Lajpat Nagar 2,145.0
810.0,2,2.0,Lajpat Nagar 2,155.0
1500.0,3,3.0,Lajpat Nagar 2,260.0
900.0,2,2.0,Lajpat Nagar 2,158.0
825.0,2,2.0,Lajpat Nagar 2,150.0
900.0,2,2.0,Lajpat Nagar 2,130.0
875.0,2,2.0,Lajpat Nagar 2,150.0
1350.0,3,3.0,Lajpat Nagar 2,250.0
1450.0,3,3.0,Lajpat Nagar 3,300.0
1260.0,3,3.0,Lajpat Nagar 3,210.0
2925.0,4,4.0,Lajpat Nagar 3,575.0
1600.0,3,3.0,Lajpat Nagar 3,300.0
1500.0,3,3.0,Lajpat Nagar 3,315.0
1450.0,3,3.0,Lajpat Nagar 3,300.0
1260.0,3,3.0,Lajpat Nagar 3,210.0
2925.0,4,4.0,Lajpat Nagar 3,575.0
1710.0,3,3.0,Lajpat Nagar 3,300.0
1600.0,3,3.0,Lajpat Nagar 3,300.0
1500.0,3,3.0,Lajpat Nagar 3,315.0
1710.0,3,3.0,Lajpat Nagar 3,248.0
2700.0,4,4.0,Lajpat Nagar 3,550.0
1400.0,3,3.0,Lajpat Nagar 3,245.0
1400.0,3,3.0,Lajpat Nagar 3,325.0
1000.0,2,2.0,Lajpat Nagar 3,200.0
1000.0,2,2.0,Lajpat Nagar 3,200.0
1600.0,3,3.0,Lajpat Nagar 3,260.0
1350.0,3,3.0,Lajpat Nagar 3,210.0
1700.0,3,3.0,Lajpat Nagar 3,275.0
1400.0,3,3.0,Lajpat Nagar 3,325.0
1350.0,3,3.0,Lajpat Nagar 3,210.0
1700.0,3,3.0,Lajpat Nagar 3,280.0
1600.0,3,3.0,Lajpat Nagar 3,295.0
750.0,2,2.0,Lajpat Nagar 4,136.0
800.0,3,2.0,"Lalita Park, Laxmi Nagar",54.0
801.0,3,2.0,Laxmi Nagar,60.0
450.0,1,2.0,Laxmi Nagar,27.0
420.0,2,1.0,Laxmi Nagar,26.0
450.0,2,1.0,Laxmi Nagar,35.0
1000.0,2,2.0,Laxmi Nagar,75.0
900.0,3,2.0,Laxmi Nagar,70.0
720.0,3,3.0,Laxmi Nagar,55.0
450.0,2,1.0,Laxmi Nagar,27.0
900.0,4,2.0,Laxmi Nagar,66.0
500.0,2,1.0,Laxmi Nagar,37.0
715.0,2,2.0,Laxmi Nagar,56.0
540.0,2,1.0,Laxmi Nagar,35.0
1000.0,2,2.0,Laxmi Nagar,75.0
450.0,2,1.0,Laxmi Nagar,35.0
1350.0,3,2.0,"MTNL Employees House Welfare Society, Dwarka Sector 24",51.3
1350.0,3,2.0,"MTNL Employees House Welfare Society, Dwarka Sector 24",51.3
1350.0,3,2.0,"MTNL Employees House Welfare Society, Dwarka Sector 24",51.3
2500.0,3,3.0,"Maharani Bagh, New Friends Colony",500.0
10350.0,4,7.0,"Maharani Bagh, New Friends Colony",1600.0
4800.0,3,4.0,"Maharani Bagh, New Friends Colony",850.0
8150.0,4,5.0,"Maharani Bagh, New Friends Colony",1700.0
3500.0,3,3.0,"Maharani Bagh, New Friends Colony",450.0
7200.0,4,4.0,"Maharani Bagh, New Friends Colony",1200.0
800.0,3,2.0,Mahavir Enclave,44.0
600.0,2,2.0,Mahavir Enclave,30.0
770.0,2,2.0,Mahavir Enclave,37.9
810.0,3,2.0,Mahavir Enclave,42.0
810.0,3,2.0,Mahavir Enclave,38.0
527.0,2,2.0,Mahavir Enclave Part 1,35.0
1000.0,3,2.0,Mahavir Enclave Part 1,62.0
450.0,1,1.0,Mahavir Enclave Part 1,25.0
950.0,3,2.0,Mahavir Enclave Part 1,60.0
855.0,3,2.0,Mahavir Enclave Part 1,48.0
500.0,2,2.0,Mahavir Enclave Part 1,32.0
420.0,1,1.0,Mahavir Enclave Part 1,23.0
900.0,3,2.0,Mahavir Enclave Part 1,59.0
945.0,3,2.0,Mahavir Enclave Part 1,55.0
720.0,3,2.0,Mahavir Enclave Part 1,45.0
450.0,2,1.0,Mahavir Enclave Part 3,17.0
459.0,2,2.0,Mahavir Enclave Part 3,22.0
750.0,2,2.0,Malviya Nagar,130.0
850.0,2,2.0,Malviya Nagar,85.0
750.0,2,2.0,Malviya Nagar,115.0
800.0,2,2.0,Malviya Nagar,120.0
550.0,2,2.0,Malviya Nagar,107.0
700.0,2,2.0,Malviya Nagar,90.0
1500.0,2,2.0,Malviya Nagar,130.0
2000.0,4,4.0,Malviya Nagar,360.0
500.0,1,1.0,Malviya Nagar,23.0
1125.0,2,2.0,Malviya Nagar,81.0
1290.0,3,2.0,Malviya Nagar,200.0
1200.0,2,2.0,"Manglapuri, Sultanpur",100.0
1000.0,3,2.0,"Manglapuri, Sultanpur",70.0
1300.0,4,3.0,"Mansarowar Park, Shahdara",115.0
650.0,2,2.0,Mehrauli,27.5
405.0,1,1.0,Mehrauli,15.0
800.0,3,3.0,Mehrauli,45.0
405.0,1,1.0,Mehrauli,18.0
1350.0,3,3.0,Mehrauli,85.0
1350.0,3,3.0,Mehrauli,85.0
450.0,1,1.0,Mehrauli,17.0
1050.0,3,2.0,Mehrauli,56.0
1675.0,4,3.0,Mehrauli,135.0
1250.0,3,3.0,Mehrauli,85.0
1080.0,3,3.0,Mehrauli,60.0
1350.0,3,3.0,Mehrauli,85.0
855.0,2,2.0,Mehrauli,40.0
540.0,1,1.0,Mehrauli,17.0
1044.0983,3,2.0,Mehrauli,60.0
405.0,1,1.0,Mehrauli,16.0
500.0,1,2.0,Mehrauli,21.0
450.0,1,1.0,Mehrauli,17.0
405.0,1,1.0,Mehrauli,12.0
1100.0,3,2.0,Mehrauli,85.0
600.0,2,2.0,Mehrauli,32.0
559.7228,2,2.0,Narela,28.5
350.0,1,1.0,Narela,25.0
350.0,1,1.0,Narela,14.9
990.0,3,2.0,Narela,50.0
425.0,1,1.0,Narela,22.0
1350.0,3,3.0,"Narmada Apartment, Alaknanda",210.0
1250.0,3,3.0,"Narmada Apartment, Alaknanda",200.0
1150.0,2,2.0,"Narmada Apartment, Alaknanda",165.0
1350.0,3,3.0,"Narmada Apartment, Alaknanda",210.0
1250.0,3,3.0,"Narmada Apartment, Alaknanda",200.0
1150.0,2,2.0,"Narmada Apartment, Alaknanda",165.0
1425.0,3,3.0,"Naveen Shahdara, Shahdara",93.0
1053.0,3,2.0,"Naveen Shahdara, Shahdara",70.0
1800.0,3,3.0,"Nehru Enclave, Kalkaji",260.0
4500.0,4,4.0,New Friends Colony,750.0
1600.0,3,3.0,New Friends Colony,400.0
3500.0,4,4.0,New Friends Colony,900.0
2100.0,4,5.0,New Friends Colony,560.0
3500.0,4,5.0,New Friends Colony,580.0
2550.0,4,4.0,New Friends Colony,600.0
2800.0,4,5.0,New Friends Colony,750.0
1150.0,3,2.0,"New Manglapuri, Sultanpur",63.0
450.0,1,1.0,"New Manglapuri, Sultanpur",23.5
500.0,1,1.0,"New Manglapuri, Sultanpur",23.5
700.0,2,2.0,"New Manglapuri, Sultanpur",35.0
1600.0,3,3.0,"New Manglapuri, Sultanpur",108.0
1600.0,3,3.0,"New Manglapuri, Sultanpur",108.0
1700.0,3,3.0,"New Manglapuri, Sultanpur",85.0
1100.0,3,2.0,"New Manglapuri, Sultanpur",60.0
1000.0,3,3.0,"New Manglapuri, Sultanpur",55.0
1350.0,3,2.0,"New Moti Nagar, Kirti Nagar",185.0
1429.0,3,3.0,"New Moti Nagar, Kirti Nagar",175.0
2430.0,4,5.0,"New Moti Nagar, Kirti Nagar",425.0
1457.0,3,3.0,"New Moti Nagar, Kirti Nagar",230.0
1400.0,3,2.0,"New Moti Nagar, Kirti Nagar",175.0
2659.0,4,5.0,"New Moti Nagar, Kirti Nagar",435.0
1550.0,3,2.0,"New Moti Nagar, Kirti Nagar",195.0
1138.0,2,2.0,"New Moti Nagar, Kirti Nagar",135.0
1400.0,2,2.0,"Nilgiri Apartment, Alaknanda",165.0
1200.0,2,2.0,"Nilgiri Apartment, Alaknanda",143.0
1400.0,2,2.0,"Nilgiri Apartment, Alaknanda",165.0
1200.0,2,2.0,"Nilgiri Apartment, Alaknanda",143.0
1250.0,3,3.0,"Panchsheel Vihar, Sheikh Sarai",58.0
1100.0,3,2.0,"Panchsheel Vihar, Sheikh Sarai",60.0
450.0,1,1.0,"Panchsheel Vihar, Sheikh Sarai",22.0
1818.0,3,3.0,Paschim Vihar,220.0
1100.0,3,2.0,Paschim Vihar,131.0
900.0,2,2.0,Paschim Vihar,125.0
1800.0,3,2.0,Paschim Vihar Block B4,265.0
14220.0,3,3.0,Paschim Vihar Block B4,275.0
450.0,2,2.0,"Paschimpuri, Paschim Vihar",50.0
585.0,2,2.0,"Paschimpuri, Paschim Vihar",70.0
2000.0,3,3.0,"Patel Nagar East, Patel Nagar",375.0
1530.0,3,3.0,"Patel Nagar East, Patel Nagar",265.0
1800.0,3,3.0,"Patel Nagar East, Patel Nagar",270.0
1800.0,3,3.0,"Patel Nagar East, Patel Nagar",500.0
200.0,1,1.0,"Patel Nagar East, Patel Nagar",70.0
1782.0,3,3.0,"Patel Nagar East, Patel Nagar",150.0
800.0,3,2.0,Patel Nagar West,80.0
900.0,3,2.0,Patel Nagar West,95.0
1680.0,4,5.0,Patel Nagar West,200.0
900.0,2,2.0,Patel Nagar West,74.0
900.0,3,2.0,Patel Nagar West,104.0
950.0,2,2.0,Patel Nagar West,80.0
1800.0,3,3.0,Patel Nagar West,211.0
405.0,2,1.0,Patel Nagar West,39.5
1500.0,3,3.0,Patel Nagar West,125.0
990.0,3,3.0,"Press Enclave Society, Saket",280.0
2022.0,3,3.0,"Project Commonwealth Games Village 2010, Akshardham Temple",380.0
2525.0,4,5.0,"Project Commonwealth Games Village 2010, Commonwealth Games Village 2010",432.0
2125.0,3,3.0,"Project Commonwealth Games Village 2010, Commonwealth Games Village 2010",365.0
1700.0,3,3.0,"Project Commonwealth Games Village 2010, Commonwealth Games Village 2010",340.0
2592.0,4,3.0,Punjabi Bagh,425.0
2250.0,4,4.0,Punjabi Bagh,375.0
1800.0,3,3.0,Punjabi Bagh,275.0
1800.0,3,3.0,Punjabi Bagh East,275.0
2340.0,4,4.0,Punjabi Bagh East,260.0
2250.0,4,4.0,"Punjabi Bagh Enclave, Punjabi Bagh West",500.0
1620.0,3,3.0,"Punjabi Bagh Extension, Punjabi Bagh",290.0
1440.0,3,3.0,"Punjabi Bagh Extension, Punjabi Bagh",245.0
807.2925,2,1.0,"Punjabi Bagh Extension, Punjabi Bagh",80.0
1800.0,4,4.0,Punjabi Bagh West,455.0
1640.0,3,3.0,Punjabi Bagh West,120.0
2572.0,3,3.0,Punjabi Bagh West,350.0
2250.0,3,3.0,Punjabi Bagh West,205.0
5220.0,5,5.0,Punjabi Bagh West,650.0
4455.0,5,5.0,Punjabi Bagh West,1150.0
3500.0,4,4.0,Punjabi Bagh West,751.0
1710.0,3,3.0,"Pushkar Enclave, Paschim Vihar",220.0
1700.0,3,3.0,"RWA Flats, Saket",290.0
1600.0,3,3.0,"Rajasthan Apartment, Aashirwaad Chowk, Dwarka",152.0
445.0,2,1.0,"Ram Nagar Extension, Shahdara",20.0
900.0,3,2.0,"Ram Nagar Extension, Shahdara",60.0
700.0,2,2.0,"Ram Nagar, Shahdara",46.0
1100.0,3,2.0,Rohini Sector 20,62.0
1100.0,3,2.0,Rohini Sector 20,62.0
1030.0,3,2.0,Rohini Sector 20,62.0
1300.0,4,4.0,Rohini Sector 22,150.0
1300.0,4,4.0,Rohini Sector 22,150.0
720.0,3,2.0,Rohini Sector 23,60.0
850.0,3,2.0,Rohini Sector 23,73.0
950.0,3,2.0,Rohini Sector 23,76.0
2300.0,4,4.0,Rohini Sector 23,200.0
1350.0,4,3.0,Rohini Sector 24,100.0
630.0,2,2.0,Rohini Sector 24,55.0
660.0,2,2.0,Rohini Sector 24,50.0
650.0,2,2.0,Rohini Sector 24,60.0
1360.0,4,3.0,Rohini Sector 24,135.0
1550.0,4,3.0,Rohini Sector 24,125.0
1550.0,4,3.0,Rohini Sector 24,130.0
1550.0,4,3.0,Rohini Sector 24,130.0
800.0,3,2.0,Rohini Sector 25,65.0
870.0,3,2.0,Rohini Sector 25,77.0
800.0,3,2.0,Rohini Sector 25,70.0
1200.0,4,3.0,"SB Residency, Dwarka Mor",68.0
1100.0,3,3.0,"Safdarjung Development Area, Hauz Khas",185.0
3600.0,4,4.0,"Safdarjung Development Area, Hauz Khas",650.0
1250.0,3,3.0,"Safdarjung Development Area, Hauz Khas",240.0
1800.0,3,3.0,Safdarjung Enclave,375.0
1500.0,3,3.0,Safdarjung Enclave,375.0
2100.0,4,4.0,Safdarjung Enclave,550.0
2035.0,4,4.0,Safdarjung Enclave,650.0
1550.0,3,3.0,Safdarjung Enclave,380.0
700.0,2,2.0,Safdarjung Enclave,150.0
4000.0,4,4.0,Safdarjung Enclave,725.0
5500.0,6,7.0,Safdarjung Enclave,1600.0
972.0,2,2.0,Safdarjung Enclave,170.0
4150.0,4,4.0,Safdarjung Enclave,825.0
2250.0,4,5.0,Safdarjung Enclave,550.0
1650.0,3,3.0,Safdarjung Enclave,350.0
1700.0,4,5.0,Safdarjung Enclave,525.0
4200.0,4,5.0,Safdarjung Enclave,740.0
1700.0,4,3.0,Saket,295.0
2050.0,4,4.0,Saket,475.0
1500.0,3,2.0,Saket,285.0
1300.0,3,3.0,Saket,225.0
2100.0,3,4.0,Saket,250.0
1500.0,3,3.0,Saket,270.0
1700.0,3,3.0,Saket,300.0
1800.0,3,3.0,Saket,325.0
1500.0,3,2.0,Saket,205.0
1500.0,3,3.0,Saket,300.0
1300.0,3,2.0,"Samrat Apartment, Vasundhara Enclave",115.0
2000.0,3,3.0,"Sarva Priya Apartment, Hauz Khas",375.0
1000.0,2,2.0,"Satyam Apartment, Vasundhara Enclave",75.0
585.0,2,2.0,"Savitri Nagar Village, Sheikh Sarai",40.0
855.0,3,2.0,"Savitri Nagar Village, Sheikh Sarai",65.0
504.0,3,1.0,"Seelampur, Shahdara",36.0
450.0,2,1.0,"Seelampur, Shahdara",60.0
440.0,2,2.0,Shahdara,27.0
950.0,3,2.0,Shahdara,55.0
990.0,2,2.0,Shahdara,41.0
675.0,2,1.0,Shahdara,33.0
495.1394,1,1.0,Shahdara,19.0
50.0,2,1.0,"Shastri Park, Shahdara",19.5
1600.0,3,3.0,Sheikh Sarai Phase 1,210.0
1600.0,3,3.0,Sheikh Sarai Phase 1,225.0
1800.0,3,4.0,Sheikh Sarai Phase 1,190.0
1600.0,3,4.0,Sheikh Sarai Phase 1,188.0
1300.0,2,2.0,Sheikh Sarai Phase 1,160.0
1350.0,3,3.0,Sheikh Sarai Phase 1,200.0
1650.0,3,3.0,Sheikh Sarai Phase 1,225.0
1250.0,2,1.0,Sheikh Sarai Phase 1,175.0
1500.0,3,3.0,Sheikh Sarai Phase 1,225.0
1100.0,2,2.0,Sheikh Sarai Phase 1,125.0
1400.0,3,2.0,Sheikh Sarai Phase 1,190.0
1300.0,2,2.0,Sheikh Sarai Phase 1,155.0
1100.0,2,2.0,Sheikh Sarai Phase 1,135.0
1600.0,3,3.0,Sheikh Sarai Phase 1,210.0
600.0,1,1.0,Sheikh Sarai Phase 2,70.0
980.0,2,2.0,"Shivalik Apartments, Alaknanda",138.0
1400.0,3,2.0,"Shivalik Apartments, Alaknanda",260.0
980.0,2,2.0,"Shivalik Apartments, Alaknanda",138.0
1400.0,3,2.0,"Shivalik Apartments, Alaknanda",260.0
1350.0,3,3.0,"Shivalik, Malviya Nagar",300.0
1400.0,3,3.0,"Shivalik, Malviya Nagar",300.0
1300.0,3,3.0,"Sidharth Enclave, Kilokri, Ring Road",200.0
2210.0,4,3.0,"Sukhdev Vihar, Okhla",410.0
900.0,2,2.0,"Sukhdev Vihar, Okhla",110.0
1000.0,2,2.0,"Sukhdev Vihar, Okhla",117.0
750.0,3,2.0,"Sukhdev Vihar, Okhla",135.0
1500.0,3,2.0,"Sukhdev Vihar, Okhla",160.0
2210.0,4,3.0,"Sukhdev Vihar, Okhla",410.0
1100.0,3,3.0,"Sukhdev Vihar, Okhla",125.0
810.0,2,2.0,"Sukhdev Vihar, Okhla",145.0
3150.0,4,5.0,"Sukhdev Vihar, Okhla",615.0
2000.0,4,4.0,"Sukhdev Vihar, Okhla",275.0
1350.0,3,3.0,Sultanpur,85.0
800.0,2,2.0,Sultanpur,50.0
750.0,2,2.0,Sultanpur,45.0
750.0,2,2.0,Sultanpur,40.0
1100.0,3,2.0,Sultanpur,60.0
445.0,1,2.0,Sultanpur Extension,16.5
700.0,2,2.0,Sultanpur Extension,26.0
540.0,1,1.0,Sultanpur Extension,23.5
1252.0,2,2.0,"The Amaryllis, Karol Bagh",185.0
2000.0,4,4.0,"The Amaryllis, Karol Bagh",397.0
987.0,2,2.0,"The Amaryllis, Karol Bagh",170.0
2805.0,4,4.0,"The Amaryllis, Karol Bagh",523.0
1200.0,3,2.0,"The Amaryllis, Karol Bagh",209.0
2200.0,3,3.0,"The Amaryllis, Karol Bagh",431.0
3901.0,4,4.0,"The Leela Sky Villas, Patel Nagar",930.0
2306.0,3,3.0,"The Leela Sky Villas, Patel Nagar",570.0
3901.0,4,4.0,"The Leela Sky Villas, Patel Nagar",930.0
2306.0,3,3.0,"The Leela Sky Villas, Patel Nagar",570.0
3901.0,4,4.0,"The Leela Sky Villas, Patel Nagar",930.0
2306.0,3,3.0,"The Leela Sky Villas, Patel Nagar",570.0
540.0,2,2.0,Uttam Nagar,26.5
780.0,3,2.0,Uttam Nagar,40.0
360.0,1,1.0,Uttam Nagar,17.0
620.0,2,2.0,Uttam Nagar,31.0
540.0,2,2.0,Uttam Nagar,25.0
360.0,1,1.0,Uttam Nagar,20.0
585.0,2,2.0,Uttam Nagar,32.0
450.0,2,1.0,Uttam Nagar West,18.5
495.0,2,2.0,Uttam Nagar West,21.5
550.0,2,1.0,Uttam Nagar West,20.0
1100.0,2,2.0,Vasant Kunj,150.0
1100.0,2,2.0,Vasant Kunj,150.0
1400.0,3,2.0,Vasant Kunj,250.0
600.0,1,1.0,Vasant Kunj,80.0
1100.0,2,2.0,Vasant Kunj,155.0
1700.0,3,2.0,Vasant Kunj,310.0
1100.0,2,2.0,Vasant Kunj,165.0
1100.0,2,2.0,Vasant Kunj,150.0
1750.0,4,4.0,Vasant Kunj Sector C,290.0
1750.0,4,4.0,Vasant Kunj Sector C,290.0
900.0,2,2.0,Vasundhara Enclave,80.0
1500.0,3,3.0,Vasundhara Enclave,120.0
1050.0,2,2.0,Vasundhara Enclave,90.0
1100.0,2,2.0,Vasundhara Enclave,100.0
950.0,2,2.0,Vasundhara Enclave,81.0
1459.0,3,3.0,Vasundhara Enclave,142.0
780.0,2,2.0,Vasundhara Enclave,75.0
1460.0,3,3.0,Vasundhara Enclave,120.0
1080.0,3,2.0,"Vikram Vihar, Lajpat Nagar",225.0
1150.0,3,3.0,"Vikram Vihar, Lajpat Nagar",240.0
1100.0,3,3.0,"Vikram Vihar, Lajpat Nagar",225.0
750.0,2,2.0,"Vinoba Puri, Lajpat Nagar",115.0
750.0,1,2.0,"Yamuna Vihar, Shahdara",64.0
540.0,2,1.0,"Yamuna Vihar, Shahdara",27.0
747.0,2,2.0,"Yamuna Vihar, Shahdara",65.0
720.0,2,1.0,"Yamuna Vihar, Shahdara",40.0
376.7365,1,1.0,"Yamuna Vihar, Shahdara",30.0
1125.0,2,2.0,"Yamuna Vihar, Shahdara",50.0
713.0,2,2.0,"Yamuna Vihar, Shahdara",60.0
360.0,1,1.0,"Yamuna Vihar, Shahdara",25.0
900.0,2,2.0,"Yamuna Vihar, Shahdara",65.0
713.0,3,1.0,"Yamuna Vihar, Shahdara",80.0
504.0,2,1.0,"Yamuna Vihar, Shahdara",27.0
2475.0,3,3.0,"Yamuna Vihar, Shahdara",700.0
2970.0,7,4.0,"Yamuna Vihar, Shahdara",265.0
1500.0,5,3.0,"Yamuna Vihar, Shahdara",300.0
1512.0,2,2.0,"Yamuna Vihar, Shahdara",220.0
324.0,6,3.0,"Yamuna Vihar, Shahdara",87.0
675.0,4,2.0,"Yamuna Vihar, Shahdara",185.0
700.0,2,1.0,"Yamuna Vihar, Shahdara",160.0
675.0,4,3.0,"Yamuna Vihar, Shahdara",160.0
720.0,4,2.0,"Yamuna Vihar, Shahdara",90.0
950.0,2,2.0,other,155.0
650.0,2,2.0,other,62.0
344.4448,2,2.0,other,33.1
1100.0,4,3.0,other,170.0
1150.0,3,3.0,other,250.0
850.0,2,2.0,other,110.0
430.556,1,1.0,other,53.0
900.0,2,2.0,other,105.0
914.9315,2,2.0,other,120.0
500.0,1,1.0,other,34.0
810.0,2,2.0,other,89.1
750.0,1,1.0,other,46.0
1550.0,3,2.0,other,142.0
1900.0,4,4.0,other,300.0
1850.0,3,4.0,other,240.0
1620.0,3,2.0,other,149.0
2300.0,4,4.0,other,315.0
1560.0,3,2.0,other,158.0
1500.0,3,3.0,other,160.0
1050.0,2,2.0,other,105.0
400.0,1,1.0,other,18.5
450.0,2,1.0,other,36.0
350.0,1,1.0,other,23.0
4300.0,4,4.0,other,600.0
2200.0,4,4.0,other,500.0
2800.0,6,4.0,other,295.0
2700.0,4,4.0,other,525.0
750.0,2,2.0,other,92.0
650.0,2,2.0,other,58.0
400.0,2,2.0,other,90.0
441.0,2,1.0,other,35.0
1000.0,3,3.0,other,125.0
2000.0,4,4.0,other,365.0
1200.0,3,2.0,other,200.0
1600.0,4,3.0,other,235.0
1600.0,3,2.0,other,230.0
1450.0,3,2.0,other,235.0
1200.0,3,2.0,other,250.0
600.0,1,2.0,other,70.0
550.0,1,2.0,other,75.0
1350.0,3,2.0,other,240.0
2000.0,4,2.0,other,400.0
1800.0,4,3.0,other,350.0
904.1676,2,2.0,other,215.0
1350.0,3,2.0,other,190.0
3000.0,4,5.0,other,750.0
1800.0,3,3.0,other,230.0
1100.0,3,3.0,other,250.0
3250.0,4,4.0,other,550.0
2610.0,4,4.0,other,425.0
1450.0,3,3.0,other,375.0
2200.0,4,4.0,other,525.0
1620.0,3,3.0,other,260.0
1150.0,3,3.0,other,210.0
780.0,2,2.0,other,87.7
405.0,1,1.0,other,45.0
807.2925,2,2.0,other,86.0
2152.78,3,3.0,other,300.0
960.0,2,2.0,other,130.0
1800.0,4,3.0,other,231.0
1620.0,3,3.0,other,245.0
1580.0,3,2.0,other,210.0
594.0,2,1.0,other,65.0
1500.0,3,2.0,other,180.0
1900.0,3,3.0,other,250.0
1400.0,3,2.0,other,150.0
1550.0,3,2.0,other,158.0
2000.0,4,3.0,other,315.0
1600.0,3,3.0,other,162.0
1650.0,3,3.0,other,180.0
1214.0,2,2.0,other,126.0
1600.0,4,2.0,other,195.0
1585.0,3,3.0,other,166.0
1200.0,2,2.0,other,130.0
1000.0,2,2.0,other,107.0
1500.0,3,2.0,other,162.0
1500.0,3,2.0,other,135.0
1150.0,2,2.0,other,135.0
1500.0,3,2.0,other,140.0
1150.0,2,2.0,other,108.0
1600.0,3,4.0,other,600.0
450.0,1,1.0,other,16.5
378.0,1,2.0,other,15.0
360.0,1,1.0,other,18.0
500.0,1,1.0,other,18.0
445.0,1,1.0,other,15.0
198.0,1,1.0,other,10.0
900.0,2,3.0,other,125.0
750.0,2,1.0,other,73.5
750.0,2,1.0,other,65.0
350.0,1,1.0,other,42.0
350.0,1,1.0,other,30.0
1000.0,3,3.0,other,95.0
1600.0,4,3.0,other,200.0
900.0,2,2.0,other,85.5
1000.0,3,2.0,other,120.0
900.0,2,2.0,other,90.0
1200.0,3,2.0,other,125.0
1460.0,3,3.0,other,165.0
1500.0,3,3.0,other,150.0
1050.0,2,2.0,other,100.0
1500.0,3,3.0,other,160.0
576.0,2,2.0,other,50.0
1600.0,3,3.0,other,240.0
1250.0,2,4.0,other,190.0
2100.0,3,3.0,other,250.0
2445.0,4,4.0,other,525.0
1450.0,3,3.0,other,325.0
1000.0,2,2.0,other,78.0
1155.0,2,2.0,other,185.0
405.0,1,1.0,other,56.0
1485.0,3,3.0,other,300.0
800.0,2,2.0,other,80.0
1000.0,2,2.0,other,180.0
1550.0,3,3.0,other,275.0
1300.0,3,2.0,other,135.0
6000.0,5,5.0,other,1800.0
6500.0,4,5.0,other,1900.0
4350.0,4,6.0,other,1350.0
1700.0,3,3.0,other,365.0
1250.0,3,3.0,other,255.0
1200.0,3,3.0,other,222.0
2430.0,4,4.0,other,300.0
990.0,2,2.0,other,115.0
